<?xml version="1.0" encoding="UTF-8"?>
<con:soapui-project id="84e5544b-4d7f-40fa-bb61-a222224dd94a" activeEnvironment="Default" name="REST Project 1" soapui-version="5.5.0" abortOnError="false" runType="SEQUENTIAL" resourceRoot="${projectDir}" xmlns:con="http://eviware.com/soapui/config"><con:settings/><con:interface xsi:type="con:RestService" id="0402004d-0955-48a4-8af9-07ff1c30558a" wadlVersion="http://wadl.dev.java.net/2009/02" name="http://localhost:8081" type="rest" xmlns:xsi="http://www.w3.org/2001/XMLSchema-instance"><con:settings/><con:definitionCache/><con:endpoints><con:endpoint>http://localhost:8081</con:endpoint></con:endpoints><con:resource name="" path="/api/custmgt/contacts" id="9840db71-2c20-4690-a238-dde9303c0aaf"><con:settings/><con:parameters/><con:resource name="18" path="201" id="ba7117b1-b1f8-418e-aea8-3fa0b034851f"><con:settings/><con:parameters/><con:method name="GETByID" id="446e8edd-ae9f-4fae-bc09-164b2873f598" method="GET"><con:settings/><con:parameters/><con:representation type="RESPONSE"><con:mediaType xsi:nil="true"/><con:status>0</con:status><con:params/><con:element>data</con:element></con:representation><con:representation type="RESPONSE"><con:mediaType xsi:nil="true"/><con:status>0</con:status><con:params/><con:element>data</con:element></con:representation><con:representation type="RESPONSE"><con:mediaType>application/json; charset=UTF-8</con:mediaType><con:status>200</con:status><con:params/><con:element xmlns:ns="http://localhost/api/custmgt/contacts/18">ns:Response</con:element></con:representation><con:representation type="FAULT"><con:mediaType>application/json; charset=UTF-8</con:mediaType><con:status>400 404</con:status><con:params/><con:element xmlns:ns="http://localhost/api/custmgt/contacts/18">ns:Fault</con:element></con:representation><con:representation type="RESPONSE"><con:mediaType xsi:nil="true"/><con:status>0</con:status><con:params/><con:element>data</con:element></con:representation><con:representation type="RESPONSE"><con:mediaType xsi:nil="true"/><con:status>0</con:status><con:params/><con:element>data</con:element></con:representation><con:representation type="RESPONSE"><con:mediaType xsi:nil="true"/><con:status>0</con:status><con:params/><con:element>data</con:element></con:representation><con:representation type="RESPONSE"><con:mediaType xsi:nil="true"/><con:status>0</con:status><con:params/><con:element>data</con:element></con:representation><con:representation type="RESPONSE"><con:mediaType xsi:nil="true"/><con:status>0</con:status><con:params/><con:element>data</con:element></con:representation><con:representation type="RESPONSE"><con:mediaType xsi:nil="true"/><con:status>0</con:status><con:params/><con:element>data</con:element></con:representation><con:representation type="RESPONSE"><con:mediaType xsi:nil="true"/><con:status>0</con:status><con:params/><con:element>data</con:element></con:representation><con:representation type="RESPONSE"><con:mediaType xsi:nil="true"/><con:status>0</con:status><con:params/><con:element>data</con:element></con:representation><con:representation type="RESPONSE"><con:mediaType xsi:nil="true"/><con:status>0</con:status><con:params/><con:element>data</con:element></con:representation><con:request name="Request 1" id="a064eed1-179c-420b-a4b9-2c515bb41211" mediaType="application/json"><con:settings><con:setting id="com.eviware.soapui.impl.wsdl.WsdlRequest@request-headers">&lt;xml-fragment/></con:setting></con:settings><con:endpoint>http://localhost:8081</con:endpoint><con:request/><con:originalUri>http://localhost/api/custmgt/contacts/18</con:originalUri><con:credentials><con:authType>No Authorization</con:authType></con:credentials><con:jmsConfig JMSDeliveryMode="PERSISTENT"/><con:jmsPropertyConfig/><con:parameters/><con:parameterOrder/></con:request></con:method><con:method name="DELByID" id="b0ac4a57-09b6-4e2f-ab6d-56b7a13694e4" method="DELETE"><con:settings/><con:parameters/><con:representation type="REQUEST"><con:mediaType>application/json</con:mediaType><con:params/></con:representation><con:representation type="FAULT"><con:mediaType>application/json; charset=UTF-8</con:mediaType><con:status>500</con:status><con:params/><con:element xmlns:ns="http://localhost/api/custmgt/contacts/18">ns:Fault</con:element></con:representation><con:representation type="RESPONSE"><con:mediaType>application/json; charset=UTF-8</con:mediaType><con:status>200</con:status><con:params/><con:element xmlns:ns="http://localhost/api/custmgt/contacts/18">ns:Response</con:element></con:representation><con:representation type="RESPONSE"><con:mediaType xsi:nil="true"/><con:status>0</con:status><con:params/><con:element>data</con:element></con:representation><con:representation type="RESPONSE"><con:mediaType xsi:nil="true"/><con:status>0</con:status><con:params/><con:element>data</con:element></con:representation><con:representation type="RESPONSE"><con:mediaType xsi:nil="true"/><con:status>0</con:status><con:params/><con:element>data</con:element></con:representation><con:request name="Request 1" id="8fa9eb04-b39e-4bec-909b-c4a4b0c9db05" mediaType="application/json" postQueryString="false"><con:settings><con:setting id="com.eviware.soapui.impl.wsdl.WsdlRequest@request-headers">&lt;xml-fragment/></con:setting></con:settings><con:endpoint>http://localhost:8081</con:endpoint><con:request/><con:originalUri>http://localhost/api/custmgt/contacts/18</con:originalUri><con:credentials><con:authType>No Authorization</con:authType></con:credentials><con:jmsConfig JMSDeliveryMode="PERSISTENT"/><con:jmsPropertyConfig/><con:parameters/><con:parameterOrder/></con:request></con:method><con:method name="PUTByID" id="85f93c44-5b00-4ad4-ab1e-0fedc5711a81" method="PUT"><con:settings/><con:parameters/><con:representation type="REQUEST"><con:mediaType>application/json</con:mediaType><con:params/></con:representation><con:representation type="FAULT"><con:mediaType>application/json; charset=UTF-8</con:mediaType><con:status>500 400 404</con:status><con:params/><con:element xmlns:ns="http://localhost/api/custmgt/contacts/23">ns:Fault</con:element></con:representation><con:representation type="RESPONSE"><con:mediaType xsi:nil="true"/><con:status>0</con:status><con:params/><con:element>data</con:element></con:representation><con:representation type="RESPONSE"><con:mediaType>application/json; charset=UTF-8</con:mediaType><con:status>200 201</con:status><con:params/><con:element xmlns:ns="http://localhost/api/custmgt/contacts/23">ns:Response</con:element></con:representation><con:representation type="RESPONSE"><con:mediaType xsi:nil="true"/><con:status>0</con:status><con:params/><con:element>data</con:element></con:representation><con:representation type="RESPONSE"><con:mediaType xsi:nil="true"/><con:status>0</con:status><con:params/><con:element>data</con:element></con:representation><con:representation type="RESPONSE"><con:mediaType xsi:nil="true"/><con:status>0</con:status><con:params/><con:element>data</con:element></con:representation><con:request name="Request 1" id="3048cfb8-bb75-4043-83bf-abb9dff5e905" mediaType="application/json" postQueryString="false"><con:settings><con:setting id="com.eviware.soapui.impl.wsdl.WsdlRequest@request-headers">&lt;xml-fragment/></con:setting></con:settings><con:endpoint>http://localhost:8081</con:endpoint><con:request>{
	"Identification": {
		"FirstName": "BffElroyoy",
		"LastName": "Frecks",
		"DOB": "06/21/1985",
		"Gender": "M",
		"Title": "Associate2"
	},
	"Address": [{
		"type": "home",
		"number": 124545394,
		"street": "blawwh1 blah2 St",
		"Unit": "1 a",
		"City": "Somewhere",
		"State": "WV",
		"zipcode": "12345"
	}],
	"Communication": [{
			"type": "email",
			"value": "bfeererer@sample.com",
	  		"preferred" : "true"
		},
		{
			"type": "cell",
			"value": "306-555-8282"
		}
	]
}</con:request><con:originalUri>http://localhost/api/custmgt/contacts/23</con:originalUri><con:credentials><con:authType>No Authorization</con:authType></con:credentials><con:jmsConfig JMSDeliveryMode="PERSISTENT"/><con:jmsPropertyConfig/><con:parameters/><con:parameterOrder/></con:request></con:method><con:method name="PATCHByID" id="30639aef-a7b5-40a4-a5a2-58fdf164a09e" method="PATCH"><con:settings/><con:parameters/><con:representation type="REQUEST"><con:mediaType>application/json</con:mediaType><con:params/></con:representation><con:representation type="RESPONSE"><con:mediaType xsi:nil="true"/><con:status>0</con:status><con:params/><con:element>data</con:element></con:representation><con:representation type="FAULT"><con:mediaType>application/json; charset=UTF-8</con:mediaType><con:status>500 404</con:status><con:params/><con:element xmlns:ns="http://localhost/api/custmgt/contacts/23">ns:Fault</con:element></con:representation><con:representation type="RESPONSE"><con:mediaType xsi:nil="true"/><con:status>0</con:status><con:params/><con:element>data</con:element></con:representation><con:representation type="RESPONSE"><con:mediaType xsi:nil="true"/><con:status>0</con:status><con:params/><con:element>data</con:element></con:representation><con:representation type="RESPONSE"><con:mediaType xsi:nil="true"/><con:status>0</con:status><con:params/><con:element>data</con:element></con:representation><con:representation type="RESPONSE"><con:mediaType xsi:nil="true"/><con:status>0</con:status><con:params/><con:element>data</con:element></con:representation><con:representation type="RESPONSE"><con:mediaType>application/json; charset=UTF-8</con:mediaType><con:status>200</con:status><con:params/><con:element xmlns:ns="http://localhost/api/custmgt/contacts/23">ns:Response</con:element></con:representation><con:representation type="RESPONSE"><con:mediaType xsi:nil="true"/><con:status>0</con:status><con:params/><con:element>data</con:element></con:representation><con:representation type="RESPONSE"><con:mediaType xsi:nil="true"/><con:status>0</con:status><con:params/><con:element>data</con:element></con:representation><con:representation type="RESPONSE"><con:mediaType xsi:nil="true"/><con:status>0</con:status><con:params/><con:element>data</con:element></con:representation><con:representation type="RESPONSE"><con:mediaType xsi:nil="true"/><con:status>0</con:status><con:params/><con:element>data</con:element></con:representation><con:request name="Request 1" id="10b7f873-5319-40a8-9d17-399758610964" mediaType="application/json" postQueryString="false"><con:settings><con:setting id="com.eviware.soapui.impl.wsdl.WsdlRequest@request-headers">&lt;xml-fragment/></con:setting></con:settings><con:endpoint>http://localhost:8081</con:endpoint><con:request>{
	
	"Communication": [{
			"type": "email",
			"value": "rtrr4@sample.com",
	  		"preferred" : "true"
		},
		{
			"type": "cell",
			"value": "304-555-8282"
		}
	]
}</con:request><con:originalUri>http://localhost/api/custmgt/contacts/23</con:originalUri><con:credentials><con:authType>No Authorization</con:authType></con:credentials><con:jmsConfig JMSDeliveryMode="PERSISTENT"/><con:jmsPropertyConfig/><con:parameters/><con:parameterOrder/></con:request></con:method></con:resource><con:method name="GET" id="5ca7d83c-2f2d-4868-82d3-37e01b32b5a8" method="GET"><con:settings/><con:parameters/><con:representation type="REQUEST"><con:mediaType>application/json</con:mediaType><con:params/></con:representation><con:representation type="FAULT"><con:mediaType>application/json; charset=UTF-8</con:mediaType><con:status>400 500 404</con:status><con:params/><con:element xmlns:con1="http://localhost/api/custmgt/contacts">con1:Fault</con:element></con:representation><con:representation type="RESPONSE"><con:mediaType>application/json; charset=UTF-8</con:mediaType><con:status>201 200</con:status><con:params/><con:element xmlns:con1="http://localhost/api/custmgt/contacts">con1:Response</con:element></con:representation><con:representation type="RESPONSE"><con:mediaType xsi:nil="true"/><con:status>0</con:status><con:params/><con:element>data</con:element></con:representation><con:representation type="RESPONSE"><con:mediaType xsi:nil="true"/><con:status>0</con:status><con:params/><con:element>data</con:element></con:representation><con:representation type="RESPONSE"><con:mediaType xsi:nil="true"/><con:status>0</con:status><con:params/><con:element>data</con:element></con:representation><con:representation type="RESPONSE"><con:mediaType xsi:nil="true"/><con:status>0</con:status><con:params/><con:element>data</con:element></con:representation><con:representation type="RESPONSE"><con:mediaType xsi:nil="true"/><con:status>0</con:status><con:params/><con:element>data</con:element></con:representation><con:representation type="RESPONSE"><con:mediaType xsi:nil="true"/><con:status>0</con:status><con:params/><con:element>data</con:element></con:representation><con:representation type="RESPONSE"><con:mediaType xsi:nil="true"/><con:status>0</con:status><con:params/><con:element>data</con:element></con:representation><con:representation type="RESPONSE"><con:mediaType xsi:nil="true"/><con:status>0</con:status><con:params/><con:element>data</con:element></con:representation><con:representation type="RESPONSE"><con:mediaType xsi:nil="true"/><con:status>0</con:status><con:params/><con:element>data</con:element></con:representation><con:representation type="RESPONSE"><con:mediaType xsi:nil="true"/><con:status>200</con:status><con:params/><con:element>data</con:element></con:representation><con:representation type="RESPONSE"><con:mediaType xsi:nil="true"/><con:status>0</con:status><con:params/><con:element>data</con:element></con:representation><con:representation type="RESPONSE"><con:mediaType xsi:nil="true"/><con:status>0</con:status><con:params/><con:element>data</con:element></con:representation><con:representation type="RESPONSE"><con:mediaType xsi:nil="true"/><con:status>0</con:status><con:params/><con:element>data</con:element></con:representation><con:request name="Request 1" id="fa6d47cb-dce6-4cc1-9ce6-33dd485e5040" mediaType="application/json" postQueryString="false"><con:settings><con:setting id="com.eviware.soapui.impl.wsdl.WsdlRequest@request-headers">&lt;xml-fragment/></con:setting></con:settings><con:endpoint>http://localhost:8081</con:endpoint><con:request>[
	{
	"Identification": {
		"FirstName": "Bob",
		"LastName": "Frederick",
		"DOB": "06/21/1980",
		"Gender": "M",
		"Title": "Associate1"
	},
	"Address": [{
		"type": "home",
		"number": 1234,
		"street": "blah blah St",
		"Unit": "1 a",
		"City": "Somewhere",
		"State": "WV",
		"zipcode": "12345"
	}],
	"Communication": [{
			"type": "email",
			"value": "bfe@sample.com",
	  		"preferred" : "true"
		},
		{
			"type": "cell",
			"value": "304-555-8282"
		}
	]
    },
	{
	"Identification": {
		"FirstName": "Jessica",
		"LastName": "Pandit",
		"DOB": "06/21/1987",
		"Gender": "F",
		"Title": "Manager"
	},
	"Address": [{
		"type": "condo",
		"number": 2234,
		"street": "blah1 blah2 St",
		"Unit": "1 b",
		"City": "Somewhere",
		"State": "KY",
		"zipcode": "32346"
	}],
	"Communication": [{
			"type": "email",
			"value": "bfe2@sample.com",
	  		"preferred" : "true"
		},
		{
			"type": "cell",
			"value": "304-555-8284"
		}
	]
    }
]</con:request><con:originalUri>http://localhost/api/custmgt/contacts</con:originalUri><con:credentials><con:authType>No Authorization</con:authType></con:credentials><con:jmsConfig JMSDeliveryMode="PERSISTENT"/><con:jmsPropertyConfig/><con:parameters/><con:parameterOrder/></con:request></con:method><con:method name="POST" id="5ca7d83c-2f2d-4868-82d3-37e01b32b5a8" method="POST"><con:settings/><con:parameters/><con:representation type="REQUEST"><con:mediaType>application/json</con:mediaType><con:params/></con:representation><con:representation type="FAULT"><con:mediaType>application/json; charset=UTF-8</con:mediaType><con:status>400 500</con:status><con:params/><con:element xmlns:con1="http://localhost/api/custmgt/contacts">con1:Fault</con:element></con:representation><con:representation type="RESPONSE"><con:mediaType>application/json; charset=UTF-8</con:mediaType><con:status>201 200</con:status><con:params/><con:element xmlns:con1="http://localhost/api/custmgt/contacts">con1:Response</con:element></con:representation><con:representation type="RESPONSE"><con:mediaType xsi:nil="true"/><con:status>0</con:status><con:params/><con:element>data</con:element></con:representation><con:request name="Request 1" id="fa6d47cb-dce6-4cc1-9ce6-33dd485e5040" mediaType="application/json" postQueryString="false"><con:settings><con:setting id="com.eviware.soapui.impl.wsdl.WsdlRequest@request-headers">&lt;xml-fragment/></con:setting></con:settings><con:endpoint>http://localhost:8081</con:endpoint><con:request>[
	{
	"Identification": {
		"FirstName": "Sujai1",
		"LastName": "Pandit1",
		"DOB": "06/21/1980",
		"Gender": "M",
		"Title": "Associate1"
	},
	"Address": [{
		"type": "home",
		"number": 1234,
		"street": "blah blah St",
		"Unit": "1 a",
		"City": "Somewhere",
		"State": "WV",
		"zipcode": "12345"
	}],
	"Communication": [{
			"type": "email",
			"value": "bfe@sample.com",
	  		"preferred" : "true"
		},
		{
			"type": "cell",
			"value": "304-555-8282"
		}
	]
    },
	{
	"Identification": {
		"FirstName": "Jessica32",
		"LastName": "Pandit23",
		"DOB": "06/21/1987",
		"Gender": "F",
		"Title": "Manager"
	},
	"Address": [{
		"type": "condo",
		"number": 2234,
		"street": "blah1 blah2 St",
		"Unit": "1 b",
		"City": "Somewhere",
		"State": "KY",
		"zipcode": "32346"
	}],
	"Communication": [{
			"type": "email",
			"value": "bfe2@sample.com",
	  		"preferred" : "true"
		},
		{
			"type": "cell",
			"value": "304-555-8284"
		}
	]
    }
]</con:request><con:originalUri>http://localhost/api/custmgt/contacts</con:originalUri><con:credentials><con:authType>No Authorization</con:authType></con:credentials><con:jmsConfig JMSDeliveryMode="PERSISTENT"/><con:jmsPropertyConfig/><con:parameters/><con:parameterOrder/></con:request></con:method></con:resource></con:interface><con:properties/><con:wssContainer/><con:oAuth2ProfileContainer/><con:oAuth1ProfileContainer/></con:soapui-project>